nama_sku,harga,jumlah_penjualan,halaman,estimasi_gmv
Pompa Ban Sepeda Motor Bola Rockbros Pump 380G 160 PSI Pompa sepeda,115000,1000,1,115000000
Rockbros W009 Tas Stang Sepeda Selempang Handlebar Bicycle Sling Bag,135000,11,1,1485000
ROCKBROS Arm Sleeve Sunscreen Protection Manset Pelindung Sinar UV SPF,25000,1000,1,25000000
Manset Tangan Sepeda Rockbros Original anti UV Arm sleeve Pria Wanita,59000,500,1,29500000
Masker Sepeda Rockbros LF8464 Balaclava Cycling Face Mask,54000,500,1,27000000
ROCKBROS LF8065 Masker Balaclava Sepeda Slayer Motor Face Mask Scarf B,36800,7000,1,257600000
ROCKBROS S202-1 Sarung Tangan Sepeda Anti UV Bike Gloves Full Finger,62500,100,1,6250000
ROCKBROS S106 Sarung Tangan Sepeda Bike Glove Half Finger Pria Wanita,56000,2000,1,112000000
ROCKBROS WB-001B - Masker Wajah Sepeda Anti UV Scarf Slayer - 2 warna,35100,1000,1,35100000
ROCKBROS WB002 Masker Sport Sepeda - Face Mask Scarf Bandana Ice,41200,250,1,10300000
ROCKBROS LF8464 Masker Balaclava Slayer Motor Sepeda Cycling Face Mask - Dark Grey,53900,80,1,4312000
Sarung Tangan Rockbros S275 Kaos Tangan Full Finger Anti Slip Tactical,195500,4,1,782000
ROCKBROS LF8065 Masker Balaclava Sepeda Slayer Motor Face Mask Scarf B,36800,7000,1,257600000
Rockbros 2721 Bike Rack Standar Parkir Rak Sepeda Roadbike MTB,150000,60,1,9000000
"Manset Tangan Rockbros XT057-1 Arm Sleeve Ice Cool Sun UV Protection - Putih, M",58900,17,1,1001300
ROCKBROS DNB-1001 Spakbor Sepeda Telescopic Bike Bicycle Fender,78000,250,1,19500000
ROCKBROS LF8111 Long Face Mask Masker Wajah Sepeda Anti UV Balaclava,45500,100,1,4550000
ROCKBROS JC1005BK Standar Sepeda Samping Telescopic Kick Stand,67500,750,1,50625000
ROCKBROS XT9002 Manset Tangan Sepeda Cycling Arm Sleeve Pria Wanita,11200,10000,1,112000000
Rockbros Gembok Kunci Sepeda Bike Lock Anti Lecet 3230,65000,250,1,16250000
ROCKBROS LF7345 Masker Balaclava Winter Sport Motor Bike Mask Fleece,79000,100,1,7900000
ROCKBROS GMBT1001 Handgrip Setang Sepeda Silicone Bike Handlebar Grip,15500,500,1,7750000
ROCKBROS LF8065 Masker Balaclava Slayer Motor Sepeda Face Mask,38500,1000,1,38500000
ROCKBROS 32420515001 Kunci Gembok Sepeda Bike Bicycle Lock Ring 95CM,57000,250,1,14250000
ROCKBROS RKS515 Kunci Gembok Sepeda-Bike Bicycle Lock Ring 110CM,41000,4000,1,164000000
ELtamart Rockbros B86 Bicycle Tool Kit Bag Cycling Storage Tas Botol,125000,28,1,3500000
Holder Tempat Botol Minum Sepeda Rockbros 2016-11 Cage Bike,30000,100,1,3000000
Rockbros W011 Tas Stang Sepeda Segitiga Handlebar Bicycle Bag 30110055,96000,0,1,0
ROCKBROS S106 Bike Glove Half Finger – Sarung Tangan Sepeda 2 Warna,53000,1000,1,53000000
Rockbros T530-RD Gembok Kunci Sepeda 4 Angka Bike Lock Password Bk Red,50000,100,1,5000000
ROCKBROS 40210003 Handgrip Sepeda Tutup Setang Bicycle Grips Leather,55000,250,1,13750000
ROCKBROS Kacamata Sepeda 10119 10109 Cycling Eyewear Sunglasses 3 Lens,146999,100,1,14699900
ROCKBROS WB001 Masker Wajah Sepeda Anti UV Face Mask Scarf,35100,500,1,17550000
ROCKBROS AQ-6090 Sadel Jok Sepeda Empuk Soft Bicycle Saddle Cushion,125000,250,1,31250000
Rockbros BC18 Speedometer Sepeda Wireless Odometer Waterproof,149000,250,1,37250000
ROCKBROS S106 Bike Glove Half Finger – Sarung Tangan Sepeda 2 Warna,53000,1000,1,53000000
ROCKBROS D45 Cycling Sport Gym Run Bottle Waist Bag Tas Botol Pinggang,77300,40,1,3092000
ROCKBROS BC01 Pegangan Botol Minum Sepeda Bicycle Bottle Cage Holder,24100,1000,1,24100000
ROCKBROS LF-047 Bicycle Saddle Cover-Sarung Sadel-Jok Sepeda -2 ukuran,89100,500,1,44550000
LAMPU DEPAN SEPEDA 400 LUMENS ROCKBROS USB RECHARGEABLE,112900,12,1,1354800
Lampu depan sepeda Rockbros R1-800 800 lumens,110000,100,1,11000000
Pompa ban sepeda motor bola Rockbros Pump 380G 160 PSI,115000,100,1,11500000
Bel Sepeda ROCKBROS Bicycle Mini Bell Universal Bike Copper Alloy,19000,100,1,1900000
Bartape Sepeda ROCKBROS BDTK Bar Tape Dropbar Roadbike,82500,80,1,6600000
Lampu Belakang Sepeda ROCKBROS PT-6005B Bike Tail Light Rechargeable,16000,250,1,4000000
ROCKBROS Lampu Sepeda Depan D1 400 800 Lumens Head light barfly,110000,100,1,11000000
Lampu Sepeda Depan Rockbros Recharge Waterproof 400 Lumen not Cat eye,189000,250,1,47250000
ROCKBROS YPP003 Bandana Sepeda Ear Cap Warmer Headband Cycling Bike,69000,6,1,414000
ROCKBROS RHL 1000 Lumens Lampu Depan Senter Sepeda Bicycle Front Light,315000,100,1,31500000
Rockbros Pedal Sepeda bearing Aluminium Alloy Non Slip 2017-12EBK,189000,90,1,17010000
Tas Sepeda Original Rockbros AS-021-2 Front tube frame bike Waterproof,99000,70,1,6930000
Rockbros Pump 380G 160 PSI Pompa sepeda,115000,1000,1,115000000
ROCKBROS C10 BK Tas Sepeda Sadel Bicycle Bike Rear Tube Waterproof,75000,15,1,1125000
Lampu Depan Sepeda Rockbros 400LM R1-400,189000,250,1,47250000
Tas Sepeda Rockbros Original B55-BK Bike Frame Front Triangle Bag,99000,8,1,792000
Lampu Depan sepeda Rechargeable CREE XPG350 Front Light Not Rockbros,99000,20,1,1980000
Rockbros Lampu Sepeda Belakang 30 LED Waterproof bukan cat eye/cateye,16000,250,1,4000000
Sadel Sepeda ROCKBROS 1020C-BW Rockbros Bicycle Saddle PVC Leather,70000,27,1,1890000
ROCKBROS BT1001 SPONGE handgrip handle grips Stang sepeda MTB Seli,32500,100,1,3250000
Tas sepeda Rockbros original B60/B61 Bike Frame Waterproof Big-smal,99900,100,1,9990000
ROCKBROS LF8112 Long Masker Balaclava Slayer Motor Sepeda Anti UV,44500,1000,1,44500000
Rockbros FK-211 Kaca Spion Sepeda 360 Derajat Bicycle Rearview Mirror,62000,18,1,1116000
ROCKBROS BT1001 Hand Grip Sponge - Grip Stang Sepeda Sponge BLACK,90000,9,1,810000
ROCKBROS DNB-1001 Spakbor Sepeda Telescopic Bike Bicycle Fender,78000,250,1,19500000
Rockbros PF1 Pompa Fork Angin Sepeda Air Shock 300 PSI Alloy Hitam,229000,250,1,57250000
ROCKBROS Road Bike Handle bar Tape Breathable Bartape Sepeda - BDTK,69800,250,1,17450000
ROCKBROS RKS507 Kunci Gembok Sepeda Bike Bicycle Lock 120cm Anti Air,77900,250,1,19475000
ROCKBROS LDRK1002 Bel Sepeda Copper Bicycle Bell Quick Release Loud,23800,250,1,5950000
ROCKBROS 34210006 C Shaped Concealed Bel Sepeda Bike Horn Alloy Bell,58500,27,1,1579500
ROCKBROS S099 Sarung Tangan Sepeda Bike Half Finger Gloves,43500,500,1,21750000
ROCKBROS GJ2001 Alat Tambal Ban Sepeda Portable Repair Tire Kit,16800,250,1,4200000
ROCKBROS GJ1601 16 In 1 Bike Tool Kit - Toolset Alat Kunci Sepeda,23800,2000,1,47600000
ROCKBROS B68 Tas Frame Sepeda Bike Bag Touch Screen Phone Hard Shell,163200,100,1,16320000
Rockbros Sadel Sepeda Empuk Memory Memori Foam Sepeda Lipat MTB,110000,250,1,27500000
Rockbros M1 GPS 5.0 Speedometer Sepeda Bike Computer ANT+ Bluetooth,448000,16,1,7168000
ROCKBROS RKS507 Kunci Gembok Sepeda Anti-theft Bicycle Lock 120cm,75000,100,1,7500000
ROCKBROS 01112 Bicycle Chain Cover Guard Pelindung Frame Rantai Sepeda,6800,2000,1,13600000
ROCKBROS Bicycle Bell Clear Loud Copper Horns Bel Sepeda - LDRK1001,23300,60,1,1398000
ROCKBROS Bracket Mount Holder Barfly Computer Gopro Garmin Bryton IGS,82800,30,1,2484000
ROCKBROS S202 Sarung Tangan Sepeda Non Padding Half Finger Gloves,57000,250,1,14250000
ROCKBROS RHL 1000 Lampu Depan Senter Sepeda Bicycle Front Light 1000LM,239000,100,1,23900000
"ROCKBROS SP0001 Cycling Bike Front Wheel Pad support, Stand Bicycle",35999,100,1,3599900
Botol Minum ROCKBROS DCBT69 Plastic Cycling Bike Sports Bottle,35000,90,1,3150000
ROCKBROS 380G Bicycle Pump Pompa Ban Sepeda,105540,40,1,4221600
ROCKBROS RKS515 Kunci Gembok Sepeda Bicycle Lock Ring with Bracket,39700,4000,1,158800000
ROCKBROS Bike Bell Electronic Horn 120db Electric Bel Klakson Sepeda,50999,100,1,5099900
ROCKBROS RKS870 Kunci Gembok Sepeda Bike 87CM Bicycle Bike Lock Steel,84900,1000,1,84900000
ROCKBROS DCBT68 Botol Minum Sepeda Olahraga Bidon 600ml Water Bottle,36374,1000,1,36374000
Rockbros RHL400 Lampu Sepeda USB Rechargeable 400LM 2000mAh Waterproof,125000,100,1,12500000
ROCKBROS 600LM RHL600 Lampu Depan Senter Sepeda Front Light Bicycle,148300,100,1,14830000
Pompa Kompa Sepeda Angin Ban Portable Rockbros Mini Tangan 100 PSI,22900,100,1,2290000
ROCKBROS Q5 Lampu Belakang Sepeda Smart Brake Light Sensor,166000,1000,1,166000000
ROCKBROS BT1007 HandGrip Setang Sepeda Grips Bike dengan Handle Tanduk,84900,500,1,42450000
ROCKBROS S107 Sarung Tangan Sepeda Bike Glove Half Finger shockproof,73900,750,1,55425000
ROCKBROS RKS507 Bike Lock Ring 120cm - Kunci Gembok Sepeda - BLACK,70000,100,1,7000000
ROCKBROS BT1005 Hand Grips Bicycle Pegangan Stang HandGrip Sepeda,34900,250,1,8725000
ROCKBROS GJ1601 Kunci Sepeda 16In1 Bike Tool Kit Toolset Multifungsi,26300,2000,1,52600000
ROCKBROS LF8112 Long Masker Balaclava Slayer Motor Sepeda Anti UV,44500,1000,1,44500000
ROCKBROS 4522L Pompa Sepeda Portable 80 PSI Pentil Kecil Besar AV/FV,47400,4000,1,189600000
ROCKBROS RKS626 Kunci Gembom Sepeda Motor Bike Double Lock Anti Maling,160999,21,1,3380979
ROCKBROS S202 Sarung Tangan Sepeda Non Padding Half Finger Gloves,57000,250,1,14250000
Kacamata Sepeda Rockbros 10134BL Biru Kaca Mata Gowes Lari Photocromic,123200,70,1,8624000
Topi Sepeda Rockbros Anti UV Cycling Cap,70000,12,1,840000
Botol Air Minum Bidon Sepeda Rockbros DCBT68 Sport Water Gym 600 ml,37250,100,1,3725000
Indoor BIKE TRAINER Rockbros 707314 Sepeda Indoor Roller Foldable,1200000,5,1,6000000
